NumUsagePoints,Count
1,2156
2,4301
3,6363
4,7336
5,7583
6,7065
7,6135
8,5190
9,4377
10,3647
11,3313
12,2838
13,2606
14,2229
15,2007
16,1812
17,1591
18,1537
19,1383
20,1303
21,1242
22,1144
23,1028
24,1017
25,875
26,845
27,823
28,788
29,701
30,637
31,658
32,608
33,574
34,574
35,559
36,515
37,505
38,474
39,485
40,413
41,386
42,388
43,387
44,359
45,379
46,372
47,328
48,313
49,302
50,311
51,314
52,274
53,279
54,256
55,251
56,275
57,257
58,254
59,222
60,244
61,247
62,255
63,229
64,194
65,217
66,181
67,177
68,194
69,173
70,207
71,179
72,159
73,163
74,180
75,149
76,164
77,169
78,173
79,160
80,142
81,131
82,165
83,142
84,139
85,128
86,128
87,128
88,131
89,134
90,124
91,121
92,135
93,119
94,141
95,109
96,93
97,121
98,110
99,112
100,111
101,117
102,105
103,98
104,96
105,117
106,102
107,87
108,105
109,93
110,94
111,82
112,91
113,90
114,92
115,102
116,91
117,88
118,88
119,97
120,82
121,89
122,67
123,86
124,65
125,82
126,86
127,76
128,71
129,70
130,79
131,66
132,69
133,62
134,66
135,78
136,67
137,71
138,63
139,67
140,67
141,70
142,44
143,56
144,56
145,47
146,51
147,55
148,74
149,54
150,58
151,65
152,50
153,56
154,45
155,64
156,46
157,48
158,49
159,55
160,48
161,52
162,43
163,47
164,58
165,63
166,39
167,42
168,52
169,54
170,53
171,38
172,51
173,46
174,43
175,49
176,60
177,43
178,44
179,44
180,49
181,41
182,40
183,47
184,45
185,54
186,46
187,36
188,48
189,42
190,42
191,41
192,42
193,25
194,46
195,41
196,31
197,36
198,45
199,41
200,39
201,37
202,31
203,43
204,47
205,32
206,35
207,36
208,35
209,43
210,40
211,22
212,33
213,44
214,37
215,36
216,32
217,32
218,34
219,40
220,38
221,26
222,30
223,43
224,32
225,30
226,37
227,28
228,19
229,29
230,30
231,30
232,30
233,32
234,35
235,28
236,25
237,28
238,29
239,29
240,28
241,34
242,24
243,25
244,32
245,24
246,25
247,49
248,36
249,26
250,25
251,17
252,35
253,20
254,32
255,18
256,32
257,32
258,29
259,25
260,27
261,27
262,16
263,24
264,21
265,23
266,26
267,22
268,28
269,24
270,23
271,27
272,18
273,20
274,33
275,22
276,21
277,26
278,20
279,16
280,26
281,15
282,21
283,22
284,26
285,26
286,19
287,12
288,22
289,29
290,16
291,22
292,20
293,24
294,26
295,24
296,24
297,16
298,18
299,17
300,22
301,20
302,19
303,29
304,15
305,14
306,19
307,16
308,18
309,23
310,8
311,29
312,25
313,21
314,18
315,22
316,25
317,11
318,14
319,21
320,25
321,8
322,16
323,8
324,27
325,17
326,26
327,14
328,20
329,17
330,15
331,13
332,11
333,14
334,19
335,15
336,19
337,20
338,13
339,22
340,15
341,12
342,11
343,11
344,23
345,26
346,17
347,15
348,19
349,16
350,17
351,20
352,13
353,14
354,23
355,27
356,21
357,20
358,17
359,20
360,19
361,15
362,20
363,14
364,10
365,15
366,7
367,23
368,6
369,8
370,19
371,16
372,17
373,15
374,17
375,10
376,14
377,15
378,13
379,11
380,9
381,13
382,13
383,6
384,18
385,18
386,12
387,23
388,15
389,11
390,20
391,15
392,18
393,11
394,12
395,20
396,7
397,13
398,8
399,17
400,14
401,17
402,10
403,9
404,11
405,13
406,12
407,13
408,14
409,13
410,18
411,15
412,14
413,19
414,14
415,4
416,9
417,11
418,8
419,9
420,12
421,16
422,4
423,9
424,19
425,18
426,15
427,14
428,3
429,11
430,13
431,8
432,13
433,7
434,15
435,7
436,8
437,13
438,13
439,13
440,9
441,14
442,17
443,9
444,10
445,8
446,9
447,12
448,7
449,11
450,9
451,6
452,10
453,9
454,7
455,7
456,9
457,7
458,14
459,13
460,10
461,9
462,13
463,12
464,10
465,15
466,13
467,8
468,13
469,13
470,7
471,12
472,9
473,11
474,9
475,14
476,10
477,10
478,9
479,12
480,7
481,11
482,5
483,6
484,16
485,8
486,7
487,12
488,8
489,11
490,9
491,10
492,14
493,7
494,10
495,10
496,11
497,8
498,8
499,9
500,7
501,9
502,6
503,8
504,5
505,8
506,9
507,12
508,8
509,9
510,10
511,7
512,11
513,6
514,6
515,8
516,9
517,9
518,5
519,9
520,9
521,14
522,13
523,17
524,5
525,8
526,10
527,10
528,13
529,11
530,5
531,7
532,8
533,9
534,7
535,16
536,10
537,9
538,10
539,12
540,6
541,14
542,9
543,11
544,9
545,11
546,7
547,9
548,12
549,9
550,4
551,13
552,11
553,10
554,8
555,6
556,8
557,10
558,7
559,7
560,5
561,10
562,7
563,13
564,12
565,8
566,7
567,7
568,5
569,4
570,9
571,9
572,3
573,11
574,7
575,9
576,9
577,7
578,6
579,10
580,7
581,4
582,4
583,6
584,6
585,7
586,9
587,8
588,7
589,5
590,6
591,5
592,10
593,6
594,6
595,6
596,6
597,6
598,5
599,6
600,8
601,10
602,10
603,6
604,6
605,5
606,8
607,10
608,8
609,6
610,8
611,10
612,7
613,6
614,9
615,6
616,9
617,5
618,6
619,7
620,8
621,7
622,7
623,6
624,6
625,5
626,2
627,2
628,7
629,6
630,6
631,5
632,4
633,5
634,12
635,4
636,7
637,10
638,6
639,6
640,8
641,6
642,9
643,4
644,5
645,8
646,3
647,7
648,3
650,9
651,7
652,6
653,4
654,5
655,5
656,4
657,6
658,6
659,7
660,6
661,5
662,8
663,4
664,7
665,6
666,9
667,8
668,4
669,1
670,5
671,7
672,3
673,9
674,9
675,2
676,4
677,4
678,6
679,4
680,5
681,8
682,8
683,2
684,1
685,5
686,3
687,11
688,1
689,11
690,10
691,5
692,8
693,7
694,9
695,5
696,3
697,10
698,6
699,3
700,4
701,4
702,3
703,10
704,4
705,5
706,9
707,9
708,1
709,7
710,8
711,4
712,4
713,3
714,2
715,6
716,10
717,6
718,7
719,2
720,2
721,7
722,6
723,6
724,8
725,12
726,2
727,5
728,6
729,4
730,7
731,6
732,7
733,4
734,10
735,2
736,5
737,9
738,10
739,3
740,4
741,9
742,7
743,5
744,8
745,6
746,2
747,4
748,2
749,7
750,6
751,7
752,7
753,4
754,4
755,6
756,6
757,4
758,2
759,5
760,4
761,5
762,4
763,5
764,4
765,8
766,4
767,4
768,2
769,4
770,3
771,3
772,5
773,5
774,3
775,5
776,4
777,8
778,4
779,7
780,3
781,6
782,4
783,6
784,2
785,2
786,6
787,3
788,4
789,6
790,3
791,5
792,2
793,5
794,5
795,5
796,7
797,8
798,2
799,4
800,2
801,4
802,8
803,5
804,2
805,6
806,5
807,6
808,5
809,5
810,5
811,4
812,8
813,3
814,2
815,6
816,6
817,1
818,7
819,1
820,5
821,8
822,2
823,6
824,6
825,5
826,6
827,3
828,6
829,5
830,8
831,4
832,6
833,1
834,3
835,5
836,5
837,6
838,5
839,4
840,3
841,4
842,5
843,3
844,1
845,3
846,3
847,3
848,4
849,4
850,7
851,6
852,5
853,1
854,2
855,2
856,4
857,9
858,6
859,5
860,3
861,3
862,1
863,4
864,4
865,4
866,4
867,4
868,1
869,5
870,6
871,1
872,3
873,4
874,3
875,3
876,4
877,4
878,4
879,6
880,3
881,3
882,2
883,6
884,8
885,2
886,1
887,5
888,4
889,5
890,5
891,7
892,6
893,2
894,7
895,6
896,3
897,3
898,6
899,6
900,2
901,6
902,2
904,1
905,9
906,3
907,5
908,2
909,5
910,4
911,6
912,2
913,2
914,4
915,3
916,4
917,5
918,5
919,1
920,5
921,4
922,4
923,6
924,6
925,3
926,2
927,5
928,4
929,5
930,2
931,3
932,2
933,4
934,3
935,2
936,5
937,5
938,5
939,3
940,5
941,3
942,2
943,2
944,5
945,7
946,1
947,2
948,5
949,3
950,3
951,2
952,6
953,7
954,7
955,4
956,1
957,6
958,2
959,3
960,3
961,3
962,2
963,1
964,2
965,5
966,1
967,5
968,2
969,2
970,4
971,3
972,4
973,1
974,4
975,1
976,7
977,3
978,3
979,1
980,2
981,6
982,2
983,5
984,6
985,5
986,3
987,4
988,6
989,3
990,1
991,8
992,3
993,2
994,3
995,2
996,1
997,3
998,2
999,2
1000,2
1001,3
1002,3
1003,5
1004,4
1005,4
1006,3
1007,2
1008,2
1009,5
1010,3
1011,3
1012,4
1013,4
1014,5
1015,4
1016,7
1017,3
1018,2
1019,4
1020,2
1021,1
1022,3
1023,4
1024,2
1025,5
1026,3
1027,1
1028,4
1029,5
1030,2
1031,2
1032,1
1033,3
9226,1
1035,2
1036,3
1037,7
1038,3
1039,1
1040,4
1041,2
1042,3
1043,2
1044,2
1045,4
1046,3
1047,3
1048,6
1049,3
1050,2
1051,2
1052,3
1053,5
1054,5
1055,2
1056,2
1057,1
1058,3
1059,2
1060,4
1062,2
1063,2
1064,3
1065,4
1066,6
1067,1
1068,7
1069,5
1070,4
1071,6
1072,3
1073,1
1074,6
1075,4
1076,1
1077,3
1078,2
1079,4
1080,1
1081,5
1083,5
1084,4
1085,3
1086,2
1087,1
1088,7
1089,1
1090,2
1091,3
1092,3
1093,2
1094,1
1095,2
1096,2
1097,1
1098,3
1099,1
1100,6
1101,1
1102,2
1103,3
1104,4
1105,2
1106,5
1107,2
1108,2
1109,4
1110,7
1111,3
1112,1
1113,2
1114,4
1115,2
1116,5
1117,3
1118,3
1119,2
1120,2
1121,5
1122,3
1123,5
1124,3
1125,3
1126,6
1127,4
1128,1
1129,3
1130,3
1131,2
1132,3
1133,3
1134,3
1135,5
1136,5
1137,1
1138,9
1139,4
1140,2
1141,3
1142,2
1143,1
1144,4
1145,2
1146,3
1147,2
1148,2
1149,4
1150,2
1151,1
1152,5
1153,6
1154,2
1156,6
1157,3
1158,1
1159,4
1160,4
1161,3
1162,1
1163,5
1164,3
1165,4
1166,2
1167,3
1168,3
1169,2
1170,3
1171,4
1173,1
1174,2
1175,4
1176,4
1177,1
1178,6
1179,1
1180,3
1181,2
1182,3
1183,2
1184,3
1185,2
1186,2
1188,2
1189,2
1190,2
1191,4
1192,2
1193,1
1194,2
1195,2
1196,3
1197,1
1198,3
1199,2
1201,2
1202,4
1203,6
1204,3
1205,5
1206,6
1207,2
1208,4
1209,3
1210,2
1211,4
1212,2
1213,8
1214,2
1215,2
1216,4
1218,2
1219,3
1220,1
1221,1
1222,1
1223,1
1224,1
1226,4
1227,3
1228,2
1229,3
1230,1
1231,3
1232,5
1233,2
1234,4
1235,1
1236,2
1237,3
1238,1
1240,2
1241,3
1242,2
1243,2
1244,5
1245,6
1246,2
1247,3
1248,6
1249,2
1251,1
1252,1
1253,5
1254,1
1255,3
1256,1
1257,2
1258,4
1259,4
1260,3
9453,1
1262,6
1263,4
1265,1
1266,1
1267,1
1268,1
1269,5
1270,3
1271,3
1272,3
1274,4
1275,1
1276,2
1277,2
1279,1
1280,2
1281,1
1282,4
1283,1
1284,2
1286,3
1287,1
1288,2
1290,1
1291,6
1292,4
1293,4
1294,2
1295,2
1296,1
1297,2
1298,1
1299,1
1300,1
1301,2
1302,1
1303,4
1304,2
1305,5
1306,1
1307,2
1308,3
1309,3
1310,3
1311,2
1312,2
1313,2
1314,2
1316,3
1317,1
1318,2
1319,3
1320,1
1321,6
1323,1
1324,1
1325,3
1326,4
1327,1
1328,3
1330,4
1331,2
1333,4
1334,3
1335,2
1337,1
1338,2
1339,4
1340,1
1341,2
1342,5
1343,3
1344,1
1347,2
1348,2
1349,1
1350,1
1351,4
1352,3
1353,2
1354,3
1355,2
1357,3
1358,1
1359,3
1361,3
1362,2
1364,3
1365,3
1366,3
1367,1
1368,3
1369,2
1370,1
1372,1
1373,2
1374,2
1376,3
1377,3
1378,2
1379,1
1380,3
1381,2
1382,1
1384,3
1385,1
1386,1
1387,2
1388,2
1389,2
1391,1
1395,3
1396,4
1397,2
1398,2
1399,1
1400,2
1401,1
1402,3
9595,1
1404,2
1405,1
1406,5
1407,5
1408,3
1409,1
1410,3
1411,3
1412,2
1413,3
1414,5
1415,1
1416,2
1417,2
1418,1
1419,6
1420,1
1421,1
1422,3
1423,2
1425,2
1427,3
1428,1
1429,1
1430,2
1431,2
1432,4
1433,2
1434,2
1435,2
1436,3
1437,1
1438,2
1439,4
1441,1
1442,2
1443,1
1444,2
1445,1
1446,3
1447,2
1448,2
1449,2
1450,4
1451,4
1452,3
1453,1
1454,1
1456,3
1458,2
1459,1
1461,1
1462,4
17847,1
1464,2
1465,1
1466,4
1468,2
1470,1
1471,1
1472,3
1473,1
1475,4
1476,2
1477,3
1478,3
1479,1
1480,2
1481,1
1482,1
1484,2
1485,3
1488,3
1489,2
1490,5
1491,2
17876,1
1493,6
9686,1
1495,2
44225,1
1497,2
1498,2
1499,3
1500,4
1501,3
1503,4
1505,2
1506,2
1507,1
1508,3
9701,1
1510,1
1511,4
1512,1
1513,1
1514,3
1516,1
26194,1
1518,3
9711,1
1520,2
1521,1
1522,1
1523,1
1524,2
1525,2
1526,2
1527,4
1528,2
1529,2
1530,3
1531,2
1533,2
1534,2
1535,3
1537,1
1539,3
1540,4
1541,1
1542,1
1543,1
1544,4
1546,2
1547,1
1548,1
1549,1
1550,2
1551,3
1552,2
1553,2
1554,4
1555,2
1556,1
1559,4
1560,3
1561,1
1562,1
1563,3
1564,1
1565,1
1566,3
1567,3
1569,2
1570,1
9763,1
1573,1
1574,4
1575,1
1577,1
1578,2
1579,1
1581,2
1582,3
1584,2
1585,1
1586,1
1588,2
1589,2
1590,3
1591,3
1594,3
1595,3
1598,1
1599,3
1600,1
1601,1
1602,3
1603,1
1604,1
1605,3
1606,3
1607,2
1608,1
1609,2
1610,2
1611,3
9804,1
1613,3
1615,2
1616,1
1617,2
1618,1
1619,3
1620,2
1621,3
1622,1
1623,1
1624,2
1626,1
1627,4
1628,2
1629,1
1630,3
1631,2
1632,1
1635,1
1636,2
1638,2
1640,1
1641,2
1642,4
1643,3
1644,3
1645,1
9838,1
1648,2
1649,1
1650,3
1651,2
1653,1
1654,1
1655,4
1656,2
1657,1
1658,5
9851,1
1660,4
1661,2
1662,1
1664,2
1666,2
1668,3
1669,2
1670,3
1671,1
1672,1
26220,1
1674,2
1675,1
1676,3
1677,1
1678,2
1679,3
1680,1
1681,4
1682,3
1684,3
1685,3
1687,1
1689,3
1690,1
1691,3
1692,1
1693,2
1694,1
1696,1
1697,2
1699,4
123048,1
1701,2
1702,2
1703,2
1705,2
1706,3
1707,2
1709,1
8513,1
1711,3
1712,1
1713,5
1714,1
1715,2
1716,2
1717,3
1718,2
9911,1
1720,2
1722,1
1724,3
1725,1
1726,3
1727,2
1728,1
1729,1
9923,1
1733,1
1734,3
1735,1
1738,1
1739,1
1740,1
1742,2
1744,1
1745,2
1746,1
1747,2
1748,2
1749,4
1750,1
1751,1
1752,2
1753,1
1754,3
25762,1
1758,1
1759,1
1760,4
1761,4
8242,1
1764,1
1765,1
1766,2
1768,1
1769,2
1770,2
1771,2
1772,2
66888,1
1774,1
1775,2
1776,1
1777,2
1778,4
1779,2
1782,1
1783,2
1784,3
1785,1
1786,1
1787,1
1788,3
16682,1
1791,2
1794,2
1795,1
1797,4
1798,1
1799,1
1800,2
1801,1
1802,1
1805,2
1807,4
1808,1
1809,2
1810,1
1811,2
1814,3
1815,1
1816,2
1817,1
1820,2
1821,3
1823,2
1827,2
1828,2
1829,2
1831,1
1835,3
1836,2
1838,1
17515,1
9864,2
42802,1
1843,1
1844,1
1846,2
1847,1
1848,2
1849,3
1850,3
1851,2
1852,2
1855,1
1856,1
1857,1
1860,2
1861,3
1862,1
1863,3
1865,2
1866,1
1867,1
1869,1
1870,1
1871,2
1872,2
1873,1
1874,1
1877,1
1878,1
1879,1
1880,2
10073,1
26458,1
1884,3
1885,3
1886,2
1888,2
1889,3
9877,1
1892,1
1893,2
1894,1
1896,1
1897,1
1899,1
1901,1
1903,2
1904,2
1906,4
1908,3
1910,2
1911,2
9876,1
1914,1
1916,2
16925,1
1918,3
1919,2
1920,2
1921,4
1922,2
1923,1
1925,2
1926,1
1927,1
1928,1
1929,1
1930,2
1931,1
1932,1
1935,2
1936,2
1937,1
1938,2
1939,2
18324,1
1942,1
10135,1
8516,1
1947,1
1949,2
1950,1
1951,1
1952,2
1953,2
1954,3
1956,1
1957,4
1961,1
1962,3
1964,2
1965,1
1967,1
10160,1
1969,2
1970,1
18355,1
1972,1
1973,1
1974,2
1976,1
1978,1
1979,1
1982,1
1983,1
1984,1
1985,2
41291,1
1989,1
1990,1
1991,2
10184,1
1993,3
1994,1
1996,1
1997,1
1998,2
1999,1
2001,1
2003,1
2004,3
51157,1
2006,1
2008,2
2009,4
2010,2
2011,1
2012,1
2013,1
2014,1
2015,2
2017,2
2018,1
25982,1
2021,1
2022,1
8529,1
2024,1
2025,1
2026,1
2027,1
2029,1
2031,1
2036,2
2037,3
2038,1
2040,1
33009,1
2043,1
2044,1
2045,1
10240,1
2050,3
2051,2
2053,2
2056,4
2057,2
2059,1
2062,1
2063,2
2064,2
2065,1
2066,1
2068,1
2069,1
16729,1
2072,2
2073,1
2074,2
2075,1
2077,2
2078,3
19461,1
2081,1
2082,2
2084,1
2086,1
2089,1
2090,1
2091,3
2092,1
2093,2
2094,1
2095,1
2100,1
2101,1
2103,1
2104,1
2105,1
2106,1
2107,1
2108,2
2109,1
2111,1
2112,1
2114,1
2116,2
2119,3
2121,2
2122,2
2123,2
2125,1
2126,1
2127,1
2128,4
2131,1
2132,1
2133,1
2134,3
2135,3
2136,1
2137,3
2140,1
2141,2
2142,1
2143,1
2144,2
2147,2
2148,2
31761,1
2152,2
2156,1
2157,1
2158,1
2159,2
2160,1
2161,1
2162,1
2163,1
2164,3
2165,2
2167,1
2170,1
2171,2
2172,2
2173,1
2174,1
2175,1
2176,1
2177,1
84098,1
2179,1
2180,3
2181,2
2182,1
26305,1
2184,1
2186,1
2187,1
2189,1
2193,2
2195,2
2196,1
10389,1
2199,2
2200,1
2201,1
2203,1
2204,1
2205,2
2207,2
2208,1
2209,1
2211,1
2213,1
2215,1
2217,1
2220,4
8562,1
2222,2
2223,1
2224,1
2226,1
2227,2
2228,1
2231,1
2232,2
2233,1
2235,1
2236,1
2237,1
2238,1
2240,1
2241,1
2242,3
2243,1
2247,2
2251,1
2252,1
2257,2
2259,1
2261,1
2263,1
2264,4
2265,1
2266,1
2267,1
2270,1
2271,1
2272,3
2275,2
2276,1
2278,1
2282,1
2285,1
2289,1
2290,1
2292,2
2299,1
2301,1
14037,1
2304,2
2305,1
2307,1
2309,5
2311,1
2313,1
2314,1
8806,1
2318,2
2319,2
2321,2
2322,1
2323,1
2325,1
2326,2
9945,1
2328,2
2329,2
18714,1
2331,1
2333,2
2334,1
2336,2
2337,1
2339,1
2340,1
2342,2
2343,1
2344,1
2345,1
26923,1
2348,2
2349,2
2351,1
2352,2
2354,2
2356,2
2357,1
2359,1
2362,1
2365,1
2367,1
2368,1
2369,1
2370,1
2371,1
2375,3
2376,1
2377,2
2378,2
2380,2
2383,1
2385,1
2386,1
2389,1
2394,2
2395,1
2397,1
2399,1
53818,1
2406,1
2407,2
2408,2
2410,2
2412,1
2413,2
2416,1
26994,1
2419,1
2421,4
2423,1
2425,1
2426,1
2428,1
2429,1
2430,2
2431,1
2434,1
2441,1
10634,1
2443,1
2444,1
2445,1
2446,1
2447,1
2448,1
2449,1
2453,1
2454,2
2458,1
2459,1
2461,2
2462,1
2463,3
2464,1
2466,1
2468,2
2470,1
2471,2
2474,1
2475,1
2479,1
2481,1
2482,2
2484,1
2488,1
2489,2
18874,1
2491,1
12358,1
2494,1
2496,2
10689,1
2498,1
2500,1
2501,1
2502,1
2503,2
2508,1
2509,1
2511,1
2512,1
2513,1
2514,1
2515,1
19534,1
2520,1
2521,2
2522,3
2525,2
2527,1
2529,1
2530,1
2531,1
2532,1
2534,1
2536,1
2537,1
2538,2
100843,1
2540,1
2541,1
2542,2
2545,1
10969,1
8634,1
2551,1
2552,1
2554,1
2555,1
2556,3
10749,1
2558,2
2559,3
2561,1
2562,2
2564,3
2566,2
2567,1
10760,1
2569,1
2570,1
2571,2
2573,1
2576,1
2577,1
2578,1
2583,1
2585,2
2586,1
2587,1
2588,2
2590,1
2592,1
2593,1
2595,1
2596,1
2597,1
2603,1
2607,1
2609,1
2611,1
2612,1
2614,1
2615,1
2618,1
2620,1
8629,1
2624,2
2625,2
2628,1
2630,1
2632,1
33207,1
2636,1
10829,1
2638,1
10832,1
2641,1
2643,1
2646,1
2647,1
2652,2
2653,1
2656,1
2659,1
2660,1
2662,1
2663,1
9636,1
2669,1
2670,1
2671,1
2672,1
2673,1
2676,1
25022,1
2679,3
2680,1
2682,1
2685,2
2686,1
2688,2
2691,1
2692,1
2693,1
2695,1
35464,1
11372,1
2698,3
2699,1
2700,1
2701,1
2702,1
2705,2
2710,1
2714,2
2715,1
19100,1
2717,1
2718,1
2719,1
2721,1
2723,1
2724,2
2725,1
24641,1
2727,1
2728,1
2730,1
27369,1
2733,4
2734,1
2735,1
2742,1
2743,1
10457,1
8650,1
2751,2
2752,1
2753,1
2756,1
9639,1
2758,1
2761,1
2762,1
2763,3
2764,1
2765,1
2766,1
8653,1
2768,1
2772,2
2776,1
2777,1
2778,1
2779,1
2781,1
2783,1
2784,1
2786,1
2787,1
2788,2
10981,1
2791,1
2793,1
51948,1
2797,1
2800,1
2801,1
2802,2
2804,1
2806,1
2808,1
2809,1
22314,1
2814,1
2815,1
2816,1
2818,1
2820,1
2821,1
2822,1
2823,1
11016,1
2825,1
25047,1
2831,1
2832,1
49624,1
2835,1
2838,1
18098,1
2840,1
2841,1
11034,1
2844,1
2845,1
2846,1
2847,1
82678,1
2850,1
8667,1
2852,1
2853,1
2854,2
2857,2
101162,1
2862,2
2865,1
16735,1
2869,2
2873,1
2874,1
8671,1
2876,1
11074,1
2883,1
2885,2
2886,1
2891,1
8674,1
2895,1
24771,1
2897,1
2898,1
2900,1
2904,2
2905,1
2906,1
2907,2
2908,1
32862,1
2910,1
2913,2
2916,2
35685,1
2919,1
2921,2
2922,1
16871,1
2925,1
2926,1
2930,1
2931,1
2933,1
2935,1
2936,3
11129,1
2938,1
2939,2
11132,1
9918,1
2944,1
2948,1
2952,1
2953,2
19343,1
2960,1
2964,1
2965,2
2966,1
2968,1
2970,1
2971,3
9919,1
76703,1
2976,1
2980,2
2981,2
2984,1
11178,1
10055,1
19372,1
8690,1
11183,1
2992,3
2995,1
2996,1
2998,1
2999,1
3000,2
8692,1
3003,2
3008,1
3009,2
10059,1
3013,2
27924,1
3017,1
19404,1
3021,1
11215,1
3025,1
3030,1
3031,1
3033,1
3034,3
3035,1
3038,2
14013,1
3042,2
8699,1
3044,1
3045,2
22373,1
3049,1
3050,1
134125,1
3054,2
3057,2
3058,2
3060,1
3062,1
3066,2
3067,1
3068,3
3069,2
3070,1
11263,1
3072,2
3073,2
3075,2
3076,1
3077,1
3079,2
3080,1
3081,2
3082,2
3083,1
3084,1
3085,1
3088,1
3090,1
3094,2
27671,1
3096,1
3098,1
3099,2
3100,1
3105,1
11298,1
3107,1
3108,1
3112,2
3114,1
3115,1
3120,2
3121,1
35891,1
3124,1
3125,2
3126,1
16905,1
3128,1
3129,1
3130,1
3131,2
19519,1
3136,2
3137,1
3141,1
3143,1
3144,1
3145,2
3148,1
11341,1
3150,1
3152,2
3155,1
3156,1
3158,1
3161,2
3163,1
3165,1
3167,3
3171,1
3172,1
3173,1
3175,1
3179,2
3180,1
3182,1
3184,2
16988,1
3187,1
3190,1
3193,1
3197,1
3203,1
25117,1
9654,1
3208,2
11401,1
19594,1
3211,1
3213,3
3215,2
3217,2
3223,2
3226,1
3231,1
11424,1
3236,1
3238,1
3239,1
8732,1
3244,1
3246,1
3247,1
12656,1
109748,1
3254,2
3255,1
19642,1
11451,1
3260,1
3264,1
3265,1
3268,1
3269,1
8195,1
3272,1
3273,1
3282,2
52436,1
3285,1
3287,1
3288,1
3293,1
3294,1
3295,1
3296,1
3298,1
3301,1
3302,1
3304,1
10108,1
3306,1
3309,1
3310,1
3314,2
3315,1
3319,1
3320,1
3322,1
3323,1
19208,1
11522,1
27907,1
3334,2
26497,1
3336,1
8260,1
17480,1
11531,1
3341,2
3345,1
3346,1
3348,1
25134,1
3351,1
3354,1
3357,1
3358,1
3361,2
3362,1
3363,1
44325,1
3368,2
3369,1
3372,1
3375,1
3377,1
3381,1
11575,1
3384,1
3387,1
3388,1
3390,1
3393,1
3394,1
3399,1
3401,2
123138,1
3403,2
3404,2
3405,1
3406,1
3409,1
3411,1
3415,1
3416,1
26511,1
19805,1
3422,1
3423,1
3424,1
3425,1
11618,1
8763,1
19814,1
14026,1
8765,1
3440,1
3441,2
54671,1
8298,1
3447,1
3448,1
3450,1
3451,1
3453,1
60127,1
3456,1
11652,1
11654,1
3467,1
3468,1
3469,1
11501,1
3472,1
33084,1
3477,1
3479,1
3481,2
3483,1
35032,1
3485,1
3487,1
3489,1
11682,1
10209,1
3492,1
3495,1
3499,3
3500,1
3503,2
3504,2
3508,1
11701,1
3511,1
3516,2
8534,1
3519,1
3521,2
33355,1
3525,3
28102,1
11719,1
11721,1
3532,1
8301,1
3538,1
11732,1
3543,1
3545,1
3548,1
68858,1
3553,2
3554,2
3558,1
3560,1
28137,1
3563,1
3564,1
3565,1
3567,1
3570,1
3571,1
3572,1
3573,1
3574,1
3579,1
11772,1
73729,1
19198,1
3584,1
15395,1
85506,1
28165,1
3590,1
3592,1
3593,1
3594,1
3595,1
3598,2
59309,1
3601,3
3602,1
16214,1
11797,1
19990,1
3608,1
11803,1
3616,1
14256,1
8795,1
11812,1
175366,1
3623,1
8796,1
3630,1
8797,1
3632,2
3634,1
3635,1
3638,2
11832,1
11834,1
3643,1
3644,1
3647,1
3648,1
3649,2
3652,1
3654,1
8801,1
3658,1
3661,1
3662,1
9942,1
11859,1
3668,1
3669,2
20054,1
3671,1
3674,1
3675,1
3676,1
3678,1
3681,1
3682,1
28259,1
3685,1
3689,1
3691,1
28268,1
3697,1
3701,2
3703,1
3705,2
3706,2
11900,1
3709,2
3710,1
8307,1
9681,1
3717,1
9671,1
3719,1
8580,1
3723,1
3725,1
3726,1
3727,1
20112,1
3734,1
3735,1
3736,1
3737,1
3738,1
20583,1
11546,1
11934,1
3743,1
61090,1
30131,1
3760,2
37491,1
3766,1
3769,1
3770,1
3774,1
3775,2
3776,1
3779,1
3782,1
19745,1
10188,1
3786,1
3787,2
3790,1
3791,1
11555,1
3797,1
3799,1
3801,1
3804,1
61150,1
3812,2
3815,1
3824,1
3829,1
3830,1
3833,1
20218,1
8831,1
3836,1
3837,1
3838,2
3839,1
3840,2
3841,1
18390,1
3846,1
3848,1
3851,2
3852,1
12045,1
12049,1
3858,1
225043,1
12052,1
12054,1
3863,1
3866,1
3867,1
8209,1
3871,1
11313,1
3879,1
3880,1
12073,1
3883,2
8591,1
3886,1
3892,1
3895,1
20280,1
3898,2
3899,1
3901,1
3906,1
3907,1
3908,1
3910,1
3911,1
12105,1
12106,1
3920,2
8847,1
20318,1
12132,1
30694,1
3943,1
32060,1
3949,1
3950,1
3951,1
3953,1
3956,2
3958,1
3961,1
10970,1
3967,1
3968,1
3969,1
3970,1
3973,1
3980,1
3981,1
20368,1
3985,1
3986,1
9680,2
3993,1
4011,1
20396,1
33033,1
4015,1
4016,2
4018,2
4021,1
4025,1
4027,1
4028,1
10229,1
4036,1
36807,1
4042,1
23885,1
77778,1
4052,1
12246,1
4056,1
4057,1
4060,1
28642,1
4070,1
4073,1
12266,1
4075,2
4076,1
4082,1
4083,1
20474,1
4092,1
4093,1
4094,1
4100,2
4102,1
20489,1
4106,1
4107,1
4109,1
4113,1
4114,1
12308,1
4119,1
12685,1
12315,1
36892,1
4127,1
10216,1
4131,1
4137,1
4140,1
4146,1
4148,2
4149,1
12343,1
4154,1
4156,1
4158,1
4162,1
10251,1
4166,1
4167,1
12360,1
12362,1
4172,1
4176,1
17597,1
4181,1
4183,1
4186,2
4187,1
4188,2
4189,1
4193,1
4195,1
4199,1
4205,1
33612,1
4209,1
4218,1
12413,1
4222,2
4223,1
4226,1
4229,1
74433,1
4244,2
9143,1
12438,1
200855,1
4248,1
4249,1
4253,1
12447,1
4256,1
4257,1
8871,1
4270,1
4273,1
4275,1
69812,1
4278,1
4279,1
12472,1
4284,1
4285,2
4286,1
4288,2
4292,1
12418,1
37065,1
12492,1
4301,1
4303,1
4305,1
9662,1
8910,1
4310,2
4311,1
4315,1
24694,1
8800,1
4321,1
4322,2
12515,1
4326,2
8913,1
4329,2
4330,1
12523,1
4332,1
4335,1
4338,1
4340,2
4341,1
10281,1
8328,1
9692,1
4349,2
12544,1
4363,1
4364,1
4370,1
4373,1
4374,2
8329,1
9693,1
4379,1
4380,1
37150,1
4383,1
4384,1
4387,1
15750,1
22210,1
35335,1
4396,1
4399,1
4400,1
4402,1
4403,1
4404,1
4405,1
16396,1
4411,1
20797,1
4417,2
4419,1
4425,1
4433,1
45394,1
8331,1
4438,1
4442,1
4444,1
4445,1
4447,1
12641,1
4451,1
17126,1
4457,2
8935,1
4460,2
4462,1
4464,1
4468,1
45430,1
29047,1
4473,1
4477,1
4479,1
4482,1
4487,1
4490,1
4493,1
4496,1
24700,1
12690,1
4499,1
10308,1
4510,1
14405,1
4513,1
4517,1
4518,1
50658,1
4538,1
4540,1
4547,1
4549,1
12742,1
4552,1
4556,1
4557,1
4558,1
4559,1
4562,1
4564,2
4574,1
4579,1
4585,1
19616,1
37358,1
4591,1
8609,1
8958,1
24829,1
4602,1
4603,1
4605,1
74496,1
4613,1
12806,1
11692,1
4618,1
4619,1
4620,1
4631,1
4636,1
4638,2
8965,1
4641,1
4642,1
4646,2
4651,1
4655,1
4656,1
4657,1
4659,1
4666,1
4667,1
12863,1
4672,1
4673,1
4678,1
4684,1
4685,1
21070,1
4691,1
17167,1
8976,1
4708,1
29289,1
4714,1
12912,1
17171,1
29300,1
4730,1
11711,1
4735,1
12930,1
4739,1
13797,1
21135,1
4753,1
12960,1
4771,1
12964,1
4776,1
25255,1
8989,1
21168,1
12979,1
29367,1
4792,1
4797,1
4806,1
21191,1
11344,1
4816,1
21203,2
27310,1
4823,1
4824,1
37600,1
8998,1
13030,1
12709,1
4843,1
4848,1
4852,1
4854,1
45865,1
8345,1
4858,1
4870,1
17763,1
4875,1
45837,1
13070,1
34947,1
4885,1
4892,1
4895,1
4900,1
4901,1
4902,1
41777,1
4904,2
8325,1
4912,2
29495,1
4920,1
8620,1
4924,2
4926,1
4927,1
10379,1
29515,1
4940,1
4942,1
4943,1
4948,1
12440,1
4957,2
4967,2
9020,1
4973,1
13171,1
21310,1
4982,1
4983,1
13180,1
4991,1
4995,1
4997,2
10532,1
13192,1
5001,2
102435,1
5004,1
13200,1
10392,1
17219,1
8623,1
5015,1
13212,1
5025,2
5028,1
5030,1
5032,1
10396,1
41005,1
5036,1
5039,1
8624,1
13237,1
5046,1
5048,1
5051,1
5052,3
5053,1
5055,1
5059,2
13252,1
9036,1
5068,2
5075,1
37847,1
5085,1
5088,1
13281,1
5090,1
5093,1
5097,1
5098,1
57454,1
5105,1
13299,1
37876,1
5109,1
5110,1
23984,1
5114,1
5115,1
5117,1
46079,1
32256,1
5125,1
8354,1
5131,1
5132,1
5133,1
5136,1
5143,1
5145,1
5153,1
24070,1
5163,1
11000,1
54318,1
5171,1
100556,1
5173,2
5174,1
9055,1
5182,1
5184,1
5187,1
5188,1
17249,1
5194,1
21582,1
5202,1
16570,1
21598,1
5217,1
13412,1
5221,1
11085,1
5224,1
5226,1
5227,1
5230,1
29807,1
5238,1
5239,1
5250,1
8235,1
5253,1
5256,1
9068,1
61551,1
45862,1
5261,1
29843,1
5270,1
38043,1
5280,1
5282,1
5283,1
5295,1
16816,1
13492,1
20640,1
5313,1
21699,1
5316,1
13509,1
5319,1
5321,1
5332,1
5339,1
5343,1
13536,1
13537,1
5348,2
20771,1
10544,1
21744,1
5361,1
10451,1
25820,1
5375,1
5384,1
5385,1
5386,2
49553,1
5393,1
5397,1
5399,1
5400,1
5404,1
41861,1
5408,1
5412,1
5416,1
5417,2
5420,1
5422,1
5428,1
38198,1
5431,1
5438,1
29580,1
5451,1
17294,1
13661,1
5471,1
13666,1
9105,1
5486,1
13681,1
5490,1
5491,1
5495,1
5503,1
74380,1
5510,1
30087,1
5513,1
13207,1
10477,1
5526,1
5530,1
5535,1
5538,1
5544,1
5547,1
5550,1
30130,1
13747,1
5565,1
5572,1
5575,1
5577,1
38346,1
5579,1
5580,1
5582,1
5584,1
5587,1
5588,1
5594,2
5600,1
5604,1
5605,2
5606,1
46567,1
13804,1
38384,1
13811,1
13225,1
30202,1
5630,1
5632,1
9131,1
22021,1
16677,1
5644,1
5645,1
5656,1
5657,2
5660,2
5662,1
30240,1
5666,1
13859,1
5668,1
5671,1
8645,2
5676,1
5680,1
5684,1
5689,1
12823,1
5697,1
5701,1
5702,2
5707,1
11822,1
13908,1
9145,1
24741,1
5731,1
5733,1
5735,1
38508,1
5741,1
5744,1
10515,1
5748,1
5751,1
5752,2
5756,1
5759,1
5762,1
11376,1
13969,1
5778,1
5780,1
10521,1
38563,1
5796,1
22189,1
5806,1
5807,1
9160,1
5811,1
5814,1
5821,1
10528,1
14018,1
5831,1
10287,1
5834,1
5841,1
5845,1
5847,1
5848,1
5849,1
11898,1
5858,1
5863,1
55016,1
5865,2
5868,1
5872,1
5883,1
25019,1
5888,3
5892,1
5893,1
5906,1
8380,1
5911,1
9564,2
5913,1
26642,1
5921,1
38690,1
10563,1
5934,1
5936,1
5940,1
5946,1
5947,1
5949,1
5950,1
5951,1
5954,1
5956,1
10551,1
46925,1
74907,1
5969,1
9746,1
5972,1
9587,1
5986,1
5988,1
5989,1
5991,1
6006,1
6026,1
6028,1
18754,1
9197,1
6033,1
6035,1
6045,1
14238,1
14661,1
6055,1
43335,1
22444,1
6061,1
6064,1
12477,1
6067,1
6068,1
14265,1
14667,1
6084,1
6085,1
22470,1
8386,1
6093,1
22479,1
22481,1
14290,1
6103,1
6112,1
80208,1
22500,1
8387,1
49850,1
14313,1
6125,1
13309,1
9206,1
31847,1
55295,1
6147,1
6154,1
6155,1
22541,1
6158,1
30738,1
6175,1
9753,2
66566,1
6183,2
6188,1
6193,1
14390,1
6210,1
6213,1
14410,1
6219,2
14412,1
6221,1
6222,1
6224,1
6225,1
16847,1
6232,1
17393,1
14437,1
6249,1
6260,1
6262,1
6266,1
6270,1
6276,1
6278,1
6279,1
14472,1
6287,1
14480,1
52038,1
22679,1
6296,2
6298,1
22685,1
6309,1
39081,1
6314,1
14526,1
65227,1
11395,1
21537,1
10615,1
6353,1
6356,1
6357,2
6361,1
6365,3
6367,1
27004,1
9426,2
6392,1
14586,1
9258,2
6403,1
22790,1
6415,1
6417,1
6420,1
9262,1
6423,1
6425,1
6428,1
6429,1
6446,1
14639,1
6451,1
17228,1
8944,1
6469,1
6472,1
6475,2
6480,1
6484,1
6485,1
25657,1
11400,1
14692,1
6512,1
6514,1
22907,1
14718,1
6529,1
21640,1
6534,1
6539,1
6540,1
14736,1
14742,1
6554,1
6555,2
16858,1
18845,1
6577,1
22963,1
88500,1
67998,1
63928,1
6585,1
17768,1
47548,1
9290,1
6600,1
11131,1
42501,1
6606,1
6609,1
31186,1
12319,1
6623,1
6626,1
6627,1
14822,1
6632,1
6635,1
6638,1
23043,1
6661,1
6680,1
6682,1
107610,1
39457,1
6691,1
6692,1
6699,1
11407,1
16863,1
20090,1
6714,1
6716,1
14911,1
17504,1
6731,1
6734,1
6742,1
6743,1
6749,1
11136,1
6771,1
103851,1
13757,1
14971,1
9322,1
13419,1
23177,1
6795,1
6801,1
14994,1
16412,1
10692,1
15002,1
10693,1
9328,1
6824,1
25596,1
6853,1
8338,1
17529,1
12069,1
6888,1
113388,1
6895,1
31479,1
6906,1
6912,1
39686,1
6921,1
54402,1
31505,1
73915,1
9778,1
6938,1
6944,1
6949,1
39720,1
6956,2
16413,1
9352,1
11012,1
6977,1
6981,1
6982,1
27127,1
6997,1
7010,1
49607,1
23407,1
15217,1
7040,1
7049,1
7055,1
7059,1
7064,1
23455,1
7073,1
7075,1
7078,1
15273,1
23484,1
7113,1
10743,1
13474,1
15310,1
7121,1
17968,1
7131,1
27871,1
15333,1
23527,1
15338,1
15341,1
7152,1
15345,1
7161,1
7163,1
17578,1
7166,2
15365,1
35329,1
7181,1
15374,1
7185,1
10605,1
7203,1
13161,1
10759,1
7216,1
7218,1
9395,2
7222,1
7234,1
8697,1
23626,1
9399,1
10141,1
8302,1
7253,1
53092,1
7260,1
9402,1
7264,1
7270,1
7271,1
7272,1
188462,1
15469,1
7279,1
15479,1
7290,1
7298,1
16610,1
10775,1
16883,1
7316,1
7328,1
7343,1
7344,1
7347,1
7348,1
7352,1
7353,1
9419,1
7372,1
7374,2
7377,1
15574,1
23777,1
7395,1
7397,1
15592,1
7403,1
7405,1
7412,2
7424,1
23809,1
7433,1
7436,1
7445,1
26135,1
7459,1
7460,1
9436,1
7467,1
7474,1
7478,1
15671,1
13535,1
7484,1
15680,1
97605,1
7494,1
7495,2
7501,1
13889,1
7515,1
15712,1
57443,1
9699,1
7531,1
9449,1
7548,1
7556,1
7558,1
15751,1
7566,1
7571,1
9455,1
8357,1
7594,1
7596,1
15792,1
7604,1
7607,1
7609,1
7612,1
19426,1
7621,1
23237,1
9598,1
7643,1
15845,1
8711,1
7658,1
24045,1
15855,1
15864,1
7679,3
7680,1
7681,1
7686,1
14935,1
15884,1
7694,1
32172,1
11017,1
7726,1
89647,1
7736,1
7748,1
19043,1
7765,1
7774,1
26088,1
7782,2
7783,1
7785,1
7787,1
16426,1
7789,1
7790,1
7798,1
7799,1
40568,1
9807,1
16002,1
7812,1
16006,1
7821,1
10861,3
25880,1
7828,1
66842,1
24223,1
16037,1
7851,1
24238,1
7858,1
14963,1
122555,1
12234,1
16064,1
7874,1
16075,1
7889,1
7893,1
7896,1
7901,1
16094,1
7904,1
7908,1
7913,1
7915,1
7925,1
24320,1
7941,1
7950,1
19075,1
16175,1
7986,1
7989,1
7992,1
16185,1
10891,1
8005,1
8009,1
8010,1
16208,1
8018,1
8022,1
8032,1
16693,1
34109,1
8055,1
8058,1
16264,1
8079,1
32660,1
8085,1
14181,1
40856,1
9540,1
16285,1
8102,1
9543,1
8111,1
8113,1
16314,1
8125,1
8129,1
8130,1
8136,1
81872,1
139218,1
24534,1
49118,1
16093,1
106470,1
9553,1
10919,1
24566,1
8190,1
